[
 {
  "hid":1,
  "sid":"model2",
  "esid":"",
  "parent":0,
  "children":[
   2,
   3
  ],
  "name":"model2",
  "fullname":"model2",
  "label":"model2",
  "icon":"model20",
  "svg":"support/slwebview_files/model2_d.svg",
  "thumbnail":"support/slwebview_files/model2_d.png",
  "backingUrl":"support/slwebview_files/model2_d.json",
  "elements":[
   ":108",
   ":109",
   ":54",
   ":37",
   ":36",
   ":31",
   ":35",
   ":27",
   ":45",
   ":48",
   ":47",
   ":44",
   ":97",
   ":96",
   ":100",
   ":110",
   ":112",
   ":113",
   ":121",
   ":54#out:1",
   ":47#out:1",
   ":27#out:1",
   ":35#out:1",
   ":37#out:1",
   ":27#out:2",
   ":31#out:1",
   ":45#out:1",
   ":36#out:1",
   ":97#out:1",
   ":100#out:1",
   ":48#out:1",
   ":112#out:1",
   ":112#out:2",
   ":113#out:1",
   ":121#out:1"
  ],
  "sameAsElement":false
 },
 {
  "hid":2,
  "sid":"model2:121",
  "esid":"model2:121",
  "parent":1,
  "children":[
  ],
  "name":"Angle",
  "fullname":"model2/Angle",
  "label":"Angle",
  "icon":"model23",
  "svg":"support/slwebview_files/model2_121_d.svg",
  "thumbnail":"support/slwebview_files/model2_121_d.png",
  "backingUrl":"support/slwebview_files/model2_121_d.json",
  "elements":[
   ":115",
   ":116",
   ":118",
   ":119",
   ":120",
   ":122",
   ":123",
   ":124",
   ":116#out:1",
   ":118#out:1",
   ":119#out:1",
   ":115#out:1",
   ":120#out:1",
   ":122#out:1",
   ":123#out:1"
  ],
  "sameAsElement":true
 },
 {
  "hid":3,
  "sid":"model2:100",
  "esid":"model2:100",
  "parent":1,
  "children":[
  ],
  "name":"K",
  "fullname":"model2/K",
  "label":"K",
  "icon":"model23",
  "svg":"support/slwebview_files/model2_100_d.svg",
  "thumbnail":"support/slwebview_files/model2_100_d.png",
  "backingUrl":"support/slwebview_files/model2_100_d.json",
  "elements":[
   ":32",
   ":23",
   ":19",
   ":38",
   ":20",
   ":101",
   ":102",
   ":103",
   ":19#out:1",
   ":20#out:1",
   ":38#out:1",
   ":23#out:1",
   ":101#out:1",
   ":102#out:1",
   ":32#out:1"
  ],
  "sameAsElement":true
 }
]