[
 {
  "sid":"model2:32",
  "className":"Simulink.Mux",
  "icon":"model22",
  "name":"Mux",
  "label":"Mux",
  "parent":"model2:100",
  "inspector":{
   "params":[
    "Inputs",
    "DisplayOption"
   ],
   "values":[
    "2",
    "bar"
   ],
   "tabs":[
    "Parameter Attributes"
   ],
   "tabs_idx":0
  },
  "viewer":{
   "jshandler":"webview/handlers/ElementHandler"
  },
  "obj_viewer":[
  ],
  "finder":{
   "blocktype":"Mux",
   "masktype":""
  }
 },
 {
  "sid":"model2:23",
  "className":"Simulink.Constant",
  "icon":"model22",
  "name":"Constant",
  "label":"Constant",
  "parent":"model2:100",
  "inspector":{
   "params":[
    "Value",
    "VectorParams1D",
    "SampleTime",
    "OutMin",
    "OutMax",
    "OutDataTypeStr",
    "LockScale",
    "FramePeriod"
   ],
   "values":[
    "0",
    "on",
    "inf",
    "[]",
    "[]",
    "Inherit: Inherit from 'Constant value'",
    "off",
    "inf"
   ],
   "tabs":[
    "Main",
    "Signal Attributes",
    "-Other"
   ],
   "tabs_idx":[
    0,
    3,
    7
   ]
  },
  "viewer":{
   "jshandler":"webview/handlers/ElementHandler"
  },
  "obj_viewer":[
  ],
  "finder":{
   "blocktype":"Constant",
   "masktype":""
  }
 },
 {
  "sid":"model2:19",
  "className":"PID 1dof",
  "icon":"model22",
  "name":"C1",
  "label":"C1",
  "parent":"model2:100",
  "inspector":{
   "params":[
    "Controller",
    "Form",
    "TimeDomain",
    "SampleTime",
    "IntegratorMethod",
    "FilterMethod",
    "ControllerParametersSource",
    "P",
    "I",
    "D",
    "UseFilter",
    "N",
    "TunerSelectOption",
    "ZeroCross",
    "InitialConditionSource",
    "InitialConditionForIntegrator",
    "InitialConditionForFilter",
    "DifferentiatorICPrevScaledInput",
    "ExternalReset",
    "IgnoreLimit",
    "TrackingMode",
    "Kt",
    "LimitOutput",
    "UpperSaturationLimit",
    "LowerSaturationLimit",
    "LinearizeAsGain",
    "AntiWindupMode",
    "Kb",
    "RndMeth",
    "SaturateOnIntegerOverflow",
    "LockScale",
    "PGainOutDataTypeStr",
    "PProdOutDataTypeStr",
    "POutMin",
    "POutMax",
    "IGainOutDataTypeStr",
    "IProdOutDataTypeStr",
    "IOutMin",
    "IOutMax",
    "DGainOutDataTypeStr",
    "DProdOutDataTypeStr",
    "DOutMin",
    "DOutMax",
    "NGainOutDataTypeStr",
    "NProdOutDataTypeStr",
    "NOutMin",
    "NOutMax",
    "SumOutDataTypeStr",
    "SumOutMin",
    "SumOutMax",
    "SaturationOutDataTypeStr",
    "SaturationOutMin",
    "SaturationOutMax",
    "PParamDataTypeStr",
    "PParamMin",
    "PParamMax",
    "IParamDataTypeStr",
    "IParamMin",
    "IParamMax",
    "DParamDataTypeStr",
    "DParamMin",
    "DParamMax",
    "NParamDataTypeStr",
    "NParamMin",
    "NParamMax",
    "KbParamDataTypeStr",
    "KbParamMin",
    "KbParamMax",
    "KtParamDataTypeStr",
    "KtParamMin",
    "KtParamMax",
    "KbOutDataTypeStr",
    "KbOutMin",
    "KbOutMax",
    "KtOutDataTypeStr",
    "KtOutMin",
    "KtOutMax",
    "IntegratorOutDataTypeStr",
    "IntegratorOutMin",
    "IntegratorOutMax",
    "FilterOutDataTypeStr",
    "FilterOutMin",
    "FilterOutMax",
    "SumI1OutDataTypeStr",
    "SumI1OutMin",
    "SumI1OutMax",
    "SumI2OutDataTypeStr",
    "SumI2OutMin",
    "SumI2OutMax",
    "SumI3OutDataTypeStr",
    "SumI3OutMin",
    "SumI3OutMax",
    "SumI4OutDataTypeStr",
    "SumI4OutMin",
    "SumI4OutMax",
    "SumDOutDataTypeStr",
    "SumDOutMin",
    "SumDOutMax",
    "SumAccumDataTypeStr",
    "SumI1AccumDataTypeStr",
    "SumI2AccumDataTypeStr",
    "SumI3AccumDataTypeStr",
    "SumI4AccumDataTypeStr",
    "SumDAccumDataTypeStr",
    "DifferentiatorOutDataTypeStr",
    "DifferentiatorOutMin",
    "DifferentiatorOutMax",
    "FilterDiffNumProductOutputDataTypeStr",
    "FilterDiffDenProductOutputDataTypeStr",
    "FilterDiffNumAccumDataTypeStr",
    "FilterDiffDenAccumDataTypeStr",
    "FilterDiffOutCoefDataTypeStr",
    "FilterDiffOutCoefMin",
    "FilterDiffOutCoefMax",
    "ReciprocalOutDataTypeStr",
    "ReciprocalOutMin",
    "ReciprocalOutMax",
    "SumDenOutDataTypeStr",
    "SumDenOutMin",
    "SumDenOutMax",
    "SumNumOutDataTypeStr",
    "SumNumOutMin",
    "SumNumOutMax",
    "SumDenAccumDataTypeStr",
    "SumNumAccumDataTypeStr",
    "DivideOutDataTypeStr",
    "DivideOutMin",
    "DivideOutMax",
    "IntegratorContinuousStateAttributes",
    "IntegratorStateIdentifier",
    "IntegratorStateMustResolveToSignalObject",
    "IntegratorRTWStateStorageClass",
    "IntegratorRTWStateStorageTypeQualifier",
    "FilterContinuousStateAttributes",
    "FilterStateIdentifier",
    "FilterStateMustResolveToSignalObject",
    "FilterRTWStateStorageClass",
    "FilterRTWStateStorageTypeQualifier"
   ],
   "values":[
    "PID",
    "Parallel",
    "Continuous-time",
    "-1",
    "Forward Euler",
    "Forward Euler",
    "internal",
    "-2769.5539",
    "-11367.9232",
    "193.69",
    "on",
    "10",
    "Transfer Function Based (PID Tuner App)",
    "on",
    "internal",
    "0",
    "0",
    "0",
    "none",
    "off",
    "off",
    "1",
    "off",
    "inf",
    "-inf",
    "off",
    "none",
    "1",
    "Floor",
    "off",
    "off",
    "Inherit: Inherit via internal rule",
    "Inherit: Inherit via internal rule",
    "[]",
    "[]",
    "Inherit: Inherit via internal rule",
    "Inherit: Inherit via internal rule",
    "[]",
    "[]",
    "Inherit: Inherit via internal rule",
    "Inherit: Inherit via internal rule",
    "[]",
    "[]",
    "Inherit: Inherit via internal rule",
    "Inherit: Inherit via internal rule",
    "[]",
    "[]",
    "Inherit: Inherit via internal rule",
    "[]",
    "[]",
    "Inherit: Same as input",
    "[]",
    "[]",
    "Inherit: Inherit via internal rule",
    "[]",
    "[]",
    "Inherit: Inherit via internal rule",
    "[]",
    "[]",
    "Inherit: Inherit via internal rule",
    "[]",
    "[]",
    "Inherit: Inherit via internal rule",
    "[]",
    "[]",
    "Inherit: Inherit via internal rule",
    "[]",
    "[]",
    "Inherit: Inherit via internal rule",
    "[]",
    "[]",
    "Inherit: Inherit via internal rule",
    "[]",
    "[]",
    "Inherit: Inherit via internal rule",
    "[]",
    "[]",
    "Inherit: Inherit via internal rule",
    "[]",
    "[]",
    "Inherit: Inherit via internal rule",
    "[]",
    "[]",
    "Inherit: Inherit via internal rule",
    "[]",
    "[]",
    "Inherit: Inherit via internal rule",
    "[]",
    "[]",
    "Inherit: Inherit via internal rule",
    "[]",
    "[]",
    "Inherit: Inherit via internal rule",
    "[]",
    "[]",
    "Inherit: Inherit via internal rule",
    "[]",
    "[]",
    "Inherit: Inherit via internal rule",
    "Inherit: Inherit via internal rule",
    "Inherit: Inherit via internal rule",
    "Inherit: Inherit via internal rule",
    "Inherit: Inherit via internal rule",
    "Inherit: Inherit via internal rule",
    "Inherit: Inherit via internal rule",
    "[]",
    "[]",
    "Inherit: Inherit via internal rule",
    "Inherit: Inherit via internal rule",
    "Inherit: Inherit via internal rule",
    "Inherit: Inherit via internal rule",
    "Inherit: Inherit via internal rule",
    "[]",
    "[]",
    "Inherit: Inherit via internal rule",
    "[]",
    "[]",
    "Inherit: Inherit via internal rule",
    "[]",
    "[]",
    "Inherit: Inherit via internal rule",
    "[]",
    "[]",
    "Inherit: Inherit via internal rule",
    "Inherit: Inherit via internal rule",
    "Inherit: Inherit via internal rule",
    "[]",
    "[]",
    "''",
    "",
    "off",
    "Auto",
    "",
    "''",
    "",
    "off",
    "Auto",
    ""
   ],
   "tabs":[
   ],
   "tabs_idx":[
   ]
  },
  "viewer":{
   "jshandler":"webview/handlers/ElementHandler"
  },
  "obj_viewer":[
  ],
  "finder":{
   "blocktype":"SubSystem",
   "masktype":"PID 1dof"
  }
 },
 {
  "sid":"model2:38",
  "className":"Simulink.Sum",
  "icon":"model22",
  "name":"Sum2",
  "label":"Sum2",
  "parent":"model2:100",
  "inspector":{
   "params":[
    "IconShape",
    "Inputs",
    "InputSameDT",
    "AccumDataTypeStr",
    "OutMin",
    "OutMax",
    "OutDataTypeStr",
    "LockScale",
    "RndMeth",
    "SaturateOnIntegerOverflow",
    "CollapseDim",
    "CollapseMode",
    "SampleTime"
   ],
   "values":[
    "round",
    "++",
    "off",
    "Inherit: Inherit via internal rule",
    "[]",
    "[]",
    "Inherit: Inherit via internal rule",
    "off",
    "Floor",
    "on",
    "1",
    "All dimensions",
    "-1"
   ],
   "tabs":[
    "Main",
    "Signal Attributes",
    "-Other"
   ],
   "tabs_idx":[
    0,
    2,
    10
   ]
  },
  "viewer":{
   "jshandler":"webview/handlers/ElementHandler"
  },
  "obj_viewer":[
  ],
  "finder":{
   "blocktype":"Sum",
   "masktype":""
  }
 },
 {
  "sid":"model2:20",
  "className":"PID 1dof",
  "icon":"model22",
  "name":"C2",
  "label":"C2",
  "parent":"model2:100",
  "inspector":{
   "params":[
    "Controller",
    "Form",
    "TimeDomain",
    "SampleTime",
    "IntegratorMethod",
    "FilterMethod",
    "ControllerParametersSource",
    "P",
    "I",
    "D",
    "UseFilter",
    "N",
    "TunerSelectOption",
    "ZeroCross",
    "InitialConditionSource",
    "InitialConditionForIntegrator",
    "InitialConditionForFilter",
    "DifferentiatorICPrevScaledInput",
    "ExternalReset",
    "IgnoreLimit",
    "TrackingMode",
    "Kt",
    "LimitOutput",
    "UpperSaturationLimit",
    "LowerSaturationLimit",
    "LinearizeAsGain",
    "AntiWindupMode",
    "Kb",
    "RndMeth",
    "SaturateOnIntegerOverflow",
    "LockScale",
    "PGainOutDataTypeStr",
    "PProdOutDataTypeStr",
    "POutMin",
    "POutMax",
    "IGainOutDataTypeStr",
    "IProdOutDataTypeStr",
    "IOutMin",
    "IOutMax",
    "DGainOutDataTypeStr",
    "DProdOutDataTypeStr",
    "DOutMin",
    "DOutMax",
    "NGainOutDataTypeStr",
    "NProdOutDataTypeStr",
    "NOutMin",
    "NOutMax",
    "SumOutDataTypeStr",
    "SumOutMin",
    "SumOutMax",
    "SaturationOutDataTypeStr",
    "SaturationOutMin",
    "SaturationOutMax",
    "PParamDataTypeStr",
    "PParamMin",
    "PParamMax",
    "IParamDataTypeStr",
    "IParamMin",
    "IParamMax",
    "DParamDataTypeStr",
    "DParamMin",
    "DParamMax",
    "NParamDataTypeStr",
    "NParamMin",
    "NParamMax",
    "KbParamDataTypeStr",
    "KbParamMin",
    "KbParamMax",
    "KtParamDataTypeStr",
    "KtParamMin",
    "KtParamMax",
    "KbOutDataTypeStr",
    "KbOutMin",
    "KbOutMax",
    "KtOutDataTypeStr",
    "KtOutMin",
    "KtOutMax",
    "IntegratorOutDataTypeStr",
    "IntegratorOutMin",
    "IntegratorOutMax",
    "FilterOutDataTypeStr",
    "FilterOutMin",
    "FilterOutMax",
    "SumI1OutDataTypeStr",
    "SumI1OutMin",
    "SumI1OutMax",
    "SumI2OutDataTypeStr",
    "SumI2OutMin",
    "SumI2OutMax",
    "SumI3OutDataTypeStr",
    "SumI3OutMin",
    "SumI3OutMax",
    "SumI4OutDataTypeStr",
    "SumI4OutMin",
    "SumI4OutMax",
    "SumDOutDataTypeStr",
    "SumDOutMin",
    "SumDOutMax",
    "SumAccumDataTypeStr",
    "SumI1AccumDataTypeStr",
    "SumI2AccumDataTypeStr",
    "SumI3AccumDataTypeStr",
    "SumI4AccumDataTypeStr",
    "SumDAccumDataTypeStr",
    "DifferentiatorOutDataTypeStr",
    "DifferentiatorOutMin",
    "DifferentiatorOutMax",
    "FilterDiffNumProductOutputDataTypeStr",
    "FilterDiffDenProductOutputDataTypeStr",
    "FilterDiffNumAccumDataTypeStr",
    "FilterDiffDenAccumDataTypeStr",
    "FilterDiffOutCoefDataTypeStr",
    "FilterDiffOutCoefMin",
    "FilterDiffOutCoefMax",
    "ReciprocalOutDataTypeStr",
    "ReciprocalOutMin",
    "ReciprocalOutMax",
    "SumDenOutDataTypeStr",
    "SumDenOutMin",
    "SumDenOutMax",
    "SumNumOutDataTypeStr",
    "SumNumOutMin",
    "SumNumOutMax",
    "SumDenAccumDataTypeStr",
    "SumNumAccumDataTypeStr",
    "DivideOutDataTypeStr",
    "DivideOutMin",
    "DivideOutMax",
    "IntegratorContinuousStateAttributes",
    "IntegratorStateIdentifier",
    "IntegratorStateMustResolveToSignalObject",
    "IntegratorRTWStateStorageClass",
    "IntegratorRTWStateStorageTypeQualifier",
    "FilterContinuousStateAttributes",
    "FilterStateIdentifier",
    "FilterStateMustResolveToSignalObject",
    "FilterRTWStateStorageClass",
    "FilterRTWStateStorageTypeQualifier"
   ],
   "values":[
    "PID",
    "Parallel",
    "Continuous-time",
    "-1",
    "Forward Euler",
    "Forward Euler",
    "internal",
    "17062.611",
    "0.002999",
    "2032.4933",
    "on",
    "100",
    "Frequency Response Based",
    "on",
    "internal",
    "0",
    "0",
    "0",
    "none",
    "off",
    "off",
    "1",
    "off",
    "inf",
    "-inf",
    "off",
    "none",
    "1",
    "Floor",
    "off",
    "off",
    "Inherit: Inherit via internal rule",
    "Inherit: Inherit via internal rule",
    "[]",
    "[]",
    "Inherit: Inherit via internal rule",
    "Inherit: Inherit via internal rule",
    "[]",
    "[]",
    "Inherit: Inherit via internal rule",
    "Inherit: Inherit via internal rule",
    "[]",
    "[]",
    "Inherit: Inherit via internal rule",
    "Inherit: Inherit via internal rule",
    "[]",
    "[]",
    "Inherit: Inherit via internal rule",
    "[]",
    "[]",
    "Inherit: Same as input",
    "[]",
    "[]",
    "Inherit: Inherit via internal rule",
    "[]",
    "[]",
    "Inherit: Inherit via internal rule",
    "[]",
    "[]",
    "Inherit: Inherit via internal rule",
    "[]",
    "[]",
    "Inherit: Inherit via internal rule",
    "[]",
    "[]",
    "Inherit: Inherit via internal rule",
    "[]",
    "[]",
    "Inherit: Inherit via internal rule",
    "[]",
    "[]",
    "Inherit: Inherit via internal rule",
    "[]",
    "[]",
    "Inherit: Inherit via internal rule",
    "[]",
    "[]",
    "Inherit: Inherit via internal rule",
    "[]",
    "[]",
    "Inherit: Inherit via internal rule",
    "[]",
    "[]",
    "Inherit: Inherit via internal rule",
    "[]",
    "[]",
    "Inherit: Inherit via internal rule",
    "[]",
    "[]",
    "Inherit: Inherit via internal rule",
    "[]",
    "[]",
    "Inherit: Inherit via internal rule",
    "[]",
    "[]",
    "Inherit: Inherit via internal rule",
    "[]",
    "[]",
    "Inherit: Inherit via internal rule",
    "Inherit: Inherit via internal rule",
    "Inherit: Inherit via internal rule",
    "Inherit: Inherit via internal rule",
    "Inherit: Inherit via internal rule",
    "Inherit: Inherit via internal rule",
    "Inherit: Inherit via internal rule",
    "[]",
    "[]",
    "Inherit: Inherit via internal rule",
    "Inherit: Inherit via internal rule",
    "Inherit: Inherit via internal rule",
    "Inherit: Inherit via internal rule",
    "Inherit: Inherit via internal rule",
    "[]",
    "[]",
    "Inherit: Inherit via internal rule",
    "[]",
    "[]",
    "Inherit: Inherit via internal rule",
    "[]",
    "[]",
    "Inherit: Inherit via internal rule",
    "[]",
    "[]",
    "Inherit: Inherit via internal rule",
    "Inherit: Inherit via internal rule",
    "Inherit: Inherit via internal rule",
    "[]",
    "[]",
    "''",
    "",
    "off",
    "Auto",
    "",
    "''",
    "",
    "off",
    "Auto",
    ""
   ],
   "tabs":[
   ],
   "tabs_idx":[
   ]
  },
  "viewer":{
   "jshandler":"webview/handlers/ElementHandler"
  },
  "obj_viewer":[
  ],
  "finder":{
   "blocktype":"SubSystem",
   "masktype":"PID 1dof"
  }
 },
 {
  "sid":"model2:101",
  "className":"Simulink.Inport",
  "icon":"model22",
  "name":"In1",
  "label":"In1",
  "parent":"model2:100",
  "inspector":{
   "params":[
    "Port",
    "IconDisplay",
    "LatchByDelayingOutsideSignal",
    "LatchInputForFeedbackSignals",
    "OutputFunctionCall",
    "OutMin",
    "OutMax",
    "OutDataTypeStr",
    "LockScale",
    "Unit",
    "PortDimensions",
    "VarSizeSig",
    "SampleTime",
    "SignalType",
    "BusOutputAsStruct",
    "InputConnect",
    "Interpolate"
   ],
   "values":[
    "1",
    "Port number",
    "off",
    "off",
    "off",
    "[]",
    "[]",
    "Inherit: auto",
    "off",
    "inherit",
    "-1",
    "Inherit",
    "-1",
    "auto",
    "off",
    "",
    "on"
   ],
   "tabs":[
    "Main",
    "Signal Attributes",
    "-Other"
   ],
   "tabs_idx":[
    0,
    4,
    14
   ]
  },
  "viewer":{
   "jshandler":"webview/handlers/ElementHandler"
  },
  "obj_viewer":[
  ],
  "finder":{
   "blocktype":"Inport",
   "masktype":""
  }
 },
 {
  "sid":"model2:102",
  "className":"Simulink.Inport",
  "icon":"model22",
  "name":"e",
  "label":"e",
  "parent":"model2:100",
  "inspector":{
   "params":[
    "Port",
    "IconDisplay",
    "LatchByDelayingOutsideSignal",
    "LatchInputForFeedbackSignals",
    "OutputFunctionCall",
    "OutMin",
    "OutMax",
    "OutDataTypeStr",
    "LockScale",
    "Unit",
    "PortDimensions",
    "VarSizeSig",
    "SampleTime",
    "SignalType",
    "BusOutputAsStruct",
    "InputConnect",
    "Interpolate"
   ],
   "values":[
    "2",
    "Port number",
    "off",
    "off",
    "off",
    "[]",
    "[]",
    "Inherit: auto",
    "off",
    "inherit",
    "-1",
    "Inherit",
    "-1",
    "auto",
    "off",
    "",
    "on"
   ],
   "tabs":[
    "Main",
    "Signal Attributes",
    "-Other"
   ],
   "tabs_idx":[
    0,
    4,
    14
   ]
  },
  "viewer":{
   "jshandler":"webview/handlers/ElementHandler"
  },
  "obj_viewer":[
  ],
  "finder":{
   "blocktype":"Inport",
   "masktype":""
  }
 },
 {
  "sid":"model2:103",
  "className":"Simulink.Outport",
  "icon":"model22",
  "name":"Out1",
  "label":"Out1",
  "parent":"model2:100",
  "inspector":{
   "params":[
    "Port",
    "IconDisplay",
    "OutMin",
    "OutMax",
    "OutDataTypeStr",
    "LockScale",
    "Unit",
    "PortDimensions",
    "VarSizeSig",
    "SampleTime",
    "SignalType",
    "BusOutputAsStruct",
    "EnsureOutportIsVirtual",
    "InitialOutput",
    "MustResolveToSignalObject",
    "OutputWhenDisabled",
    "OutputWhenUnConnected",
    "OutputWhenUnconnectedValue",
    "SignalName",
    "SignalObject",
    "SourceOfInitialOutputValue",
    "StorageClass",
    "VectorParamsAs1DForOutWhenUnconnected"
   ],
   "values":[
    "1",
    "Port number",
    "[]",
    "[]",
    "Inherit: auto",
    "off",
    "inherit",
    "-1",
    "Inherit",
    "-1",
    "auto",
    "off",
    "off",
    "[]",
    "off",
    "held",
    "off",
    "0",
    "",
    [
    ],
    "Dialog",
    "Auto",
    "off"
   ],
   "tabs":[
    "Main",
    "Signal Attributes",
    "-Other"
   ],
   "tabs_idx":[
    0,
    2,
    11
   ]
  },
  "viewer":{
   "jshandler":"webview/handlers/ElementHandler"
  },
  "obj_viewer":[
  ],
  "finder":{
   "blocktype":"Outport",
   "masktype":""
  }
 },
 {
  "sid":"model2:19#out:1",
  "className":"Simulink.Line",
  "icon":"model24",
  "name":"",
  "label":"",
  "parent":"model2:100",
  "inspector":{
   "params":[
    "SignalNameFromLabel",
    "MustResolveToSignal",
    "ShowPropagatedSignal",
    "DataLogging",
    "TestPoint",
    "SignalObjectPackage",
    "StorageClass",
    "Description",
    "documentLink"
   ],
   "values":[
    "",
    "off",
    "off",
    "off",
    "off",
    "Simulink",
    "Auto",
    "",
    ""
   ],
   "tabs":[
    "Parameter Attributes",
    "Logging and Accessibility",
    "Code Generation",
    "Documentation"
   ],
   "tabs_idx":[
    0,
    3,
    5,
    7
   ]
  },
  "viewer":{
   "jshandler":"webview/handlers/ElementHandler"
  },
  "obj_viewer":[
  ],
  "finder":[
  ]
 },
 {
  "sid":"model2:20#out:1",
  "className":"Simulink.Line",
  "icon":"model24",
  "name":"",
  "label":"",
  "parent":"model2:100",
  "inspector":{
   "params":[
    "SignalNameFromLabel",
    "MustResolveToSignal",
    "ShowPropagatedSignal",
    "DataLogging",
    "TestPoint",
    "SignalObjectPackage",
    "StorageClass",
    "Description",
    "documentLink"
   ],
   "values":[
    "",
    "off",
    "off",
    "off",
    "off",
    "Simulink",
    "Auto",
    "",
    ""
   ],
   "tabs":[
    "Parameter Attributes",
    "Logging and Accessibility",
    "Code Generation",
    "Documentation"
   ],
   "tabs_idx":[
    0,
    3,
    5,
    7
   ]
  },
  "viewer":{
   "jshandler":"webview/handlers/ElementHandler"
  },
  "obj_viewer":[
  ],
  "finder":[
  ]
 },
 {
  "sid":"model2:38#out:1",
  "className":"Simulink.Line",
  "icon":"model24",
  "name":"",
  "label":"",
  "parent":"model2:100",
  "inspector":{
   "params":[
    "SignalNameFromLabel",
    "MustResolveToSignal",
    "ShowPropagatedSignal",
    "DataLogging",
    "TestPoint",
    "SignalObjectPackage",
    "StorageClass",
    "Description",
    "documentLink"
   ],
   "values":[
    "",
    "off",
    "off",
    "off",
    "off",
    "Simulink",
    "Auto",
    "",
    ""
   ],
   "tabs":[
    "Parameter Attributes",
    "Logging and Accessibility",
    "Code Generation",
    "Documentation"
   ],
   "tabs_idx":[
    0,
    3,
    5,
    7
   ]
  },
  "viewer":{
   "jshandler":"webview/handlers/ElementHandler"
  },
  "obj_viewer":[
  ],
  "finder":[
  ]
 },
 {
  "sid":"model2:23#out:1",
  "className":"Simulink.Line",
  "icon":"model24",
  "name":"",
  "label":"",
  "parent":"model2:100",
  "inspector":{
   "params":[
    "SignalNameFromLabel",
    "MustResolveToSignal",
    "ShowPropagatedSignal",
    "DataLogging",
    "TestPoint",
    "SignalObjectPackage",
    "StorageClass",
    "Description",
    "documentLink"
   ],
   "values":[
    "",
    "off",
    "off",
    "off",
    "off",
    "Simulink",
    "Auto",
    "",
    ""
   ],
   "tabs":[
    "Parameter Attributes",
    "Logging and Accessibility",
    "Code Generation",
    "Documentation"
   ],
   "tabs_idx":[
    0,
    3,
    5,
    7
   ]
  },
  "viewer":{
   "jshandler":"webview/handlers/ElementHandler"
  },
  "obj_viewer":[
  ],
  "finder":[
  ]
 },
 {
  "sid":"model2:101#out:1",
  "className":"Simulink.Line",
  "icon":"model24",
  "name":"",
  "label":"",
  "parent":"model2:100",
  "inspector":{
   "params":[
    "SignalNameFromLabel",
    "MustResolveToSignal",
    "ShowPropagatedSignal",
    "DataLogging",
    "TestPoint",
    "SignalObjectPackage",
    "StorageClass",
    "Description",
    "documentLink"
   ],
   "values":[
    "",
    "off",
    "off",
    "off",
    "off",
    "Simulink",
    "Auto",
    "",
    ""
   ],
   "tabs":[
    "Parameter Attributes",
    "Logging and Accessibility",
    "Code Generation",
    "Documentation"
   ],
   "tabs_idx":[
    0,
    3,
    5,
    7
   ]
  },
  "viewer":{
   "jshandler":"webview/handlers/ElementHandler"
  },
  "obj_viewer":[
  ],
  "finder":[
  ]
 },
 {
  "sid":"model2:102#out:1",
  "className":"Simulink.Line",
  "icon":"model24",
  "name":"",
  "label":"",
  "parent":"model2:100",
  "inspector":{
   "params":[
    "SignalNameFromLabel",
    "MustResolveToSignal",
    "ShowPropagatedSignal",
    "DataLogging",
    "TestPoint",
    "SignalObjectPackage",
    "StorageClass",
    "Description",
    "documentLink"
   ],
   "values":[
    "",
    "off",
    "off",
    "off",
    "off",
    "Simulink",
    "Auto",
    "",
    ""
   ],
   "tabs":[
    "Parameter Attributes",
    "Logging and Accessibility",
    "Code Generation",
    "Documentation"
   ],
   "tabs_idx":[
    0,
    3,
    5,
    7
   ]
  },
  "viewer":{
   "jshandler":"webview/handlers/ElementHandler"
  },
  "obj_viewer":[
  ],
  "finder":[
  ]
 },
 {
  "sid":"model2:32#out:1",
  "className":"Simulink.Line",
  "icon":"model24",
  "name":"",
  "label":"",
  "parent":"model2:100",
  "inspector":{
   "params":[
    "SignalNameFromLabel",
    "MustResolveToSignal",
    "ShowPropagatedSignal",
    "DataLogging",
    "TestPoint",
    "SignalObjectPackage",
    "StorageClass",
    "Description",
    "documentLink"
   ],
   "values":[
    "",
    "off",
    "off",
    "off",
    "off",
    "Simulink",
    "Auto",
    "",
    ""
   ],
   "tabs":[
    "Parameter Attributes",
    "Logging and Accessibility",
    "Code Generation",
    "Documentation"
   ],
   "tabs_idx":[
    0,
    3,
    5,
    7
   ]
  },
  "viewer":{
   "jshandler":"webview/handlers/ElementHandler"
  },
  "obj_viewer":[
  ],
  "finder":[
  ]
 }
]